timestamp,symbol,strategy,outcome,risk_amount,profit_loss,balance
2025-10-07 19:59,BTCUSDT,Mean Reversion,WIN,10.0,18.55,118.55
2025-10-08 02:59,BNBUSDT,Mean Reversion,LOSS,11.86,-11.86,106.69
2025-10-08 16:59,ADAUSDT,Mean Reversion,WIN,10.67,21.62,128.31
2025-10-08 17:59,SOLUSDT,Mean Reversion,WIN,12.83,0.77,129.08
2025-10-08 17:59,AVAXUSDT,Mean Reversion,WIN,12.91,11.75,140.83
2025-10-09 13:59,BNBUSDT,Zone Entry,WIN,14.08,42.25,183.08
2025-10-09 16:59,DOGEUSDT,Zone Entry,LOSS,18.31,-18.31,164.77
2025-10-09 22:59,UNIUSDT,Zone Entry,WIN,16.48,49.43,214.2
2025-10-10 15:59,BNBUSDT,Momentum Continuation,LOSS,21.42,-21.42,192.78
2025-10-10 18:59,UNIUSDT,Zone Entry,WIN,19.28,57.83,250.61
2025-10-11 02:59,LTCUSDT,Mean Reversion,LOSS,25.06,-25.06,225.55
2025-10-11 08:59,AVAXUSDT,Mean Reversion,LOSS,22.56,-22.56,203.0
2025-10-11 17:59,ADAUSDT,Mean Reversion,LOSS,20.3,-20.3,182.7
2025-10-11 20:59,DOGEUSDT,Zone Entry,LOSS,18.27,-18.27,164.43
2025-10-12 00:59,SOLUSDT,Zone Entry,LOSS,16.44,-16.44,147.98
2025-10-12 19:59,ETHUSDT,Mean Reversion,WIN,14.8,103.62,251.6
2025-10-13 03:59,BTCUSDT,Mean Reversion,WIN,25.16,54.04,305.65
2025-10-13 03:59,DOGEUSDT,Mean Reversion,LOSS,30.56,-30.56,275.08
2025-10-13 20:59,UNIUSDT,Mean Reversion,WIN,27.51,267.55,542.63
2025-10-14 01:59,XRPUSDT,Mean Reversion,WIN,54.26,149.22,691.85
2025-10-14 05:59,DOGEUSDT,Zone Entry,WIN,69.19,207.56,899.41
2025-10-14 05:59,ADAUSDT,Mean Reversion,WIN,89.94,2.16,901.56
2025-10-15 04:59,UNIUSDT,Zone Entry,LOSS,90.16,-90.16,811.41
2025-10-16 01:59,XRPUSDT,Mean Reversion,LOSS,81.14,-81.14,730.27
2025-10-16 19:59,ETHUSDT,Zone Entry,LOSS,73.03,-73.03,657.24
2025-10-17 17:59,ETHUSDT,Mean Reversion,WIN,65.72,174.37,831.61
2025-10-18 11:59,ADAUSDT,Zone Entry,LOSS,83.16,-83.16,748.45
2025-10-19 20:59,DOGEUSDT,Zone Entry,LOSS,74.84,-74.84,673.6
2025-10-21 02:59,XRPUSDT,Mean Reversion,WIN,67.36,76.12,749.72
2025-10-21 04:59,SOLUSDT,Zone Entry,LOSS,74.97,-74.97,674.75
2025-10-21 22:59,ADAUSDT,Zone Entry,LOSS,67.47,-67.47,607.27
2025-10-22 23:59,ETHUSDT,Mean Reversion,WIN,60.73,128.44,735.71
2025-10-23 16:59,SOLUSDT,Zone Entry,LOSS,73.57,-73.57,662.14
2025-10-27 16:59,ETHUSDT,Zone Entry,LOSS,66.21,-66.21,595.92
2025-10-27 20:59,SOLUSDT,Mean Reversion,WIN,59.59,7.15,603.08
2025-10-28 19:59,ETHUSDT,Mean Reversion,WIN,60.31,154.87,757.95
2025-10-28 22:59,ETHUSDT,Mean Reversion,LOSS,75.79,-75.79,682.15
2025-10-29 17:59,ETHUSDT,Mean Reversion,LOSS,68.22,-68.22,613.94
2025-10-30 02:59,BTCUSDT,Mean Reversion,LOSS,61.39,-61.39,552.54
2025-10-30 09:59,BTCUSDT,Zone Entry,WIN,55.25,165.76,718.3
2025-10-30 13:59,BTCUSDT,Zone Entry,LOSS,71.83,-71.83,646.47
2025-10-30 19:59,ETHUSDT,Zone Entry,LOSS,64.65,-64.65,581.83
2025-10-31 00:59,DOGEUSDT,Mean Reversion,LOSS,58.18,-58.18,523.64
2025-10-31 04:59,LTCUSDT,Mean Reversion,WIN,52.36,111.01,634.66
2025-11-03 03:59,UNIUSDT,Momentum Continuation,WIN,63.47,190.4,825.05
2025-11-03 08:59,ADAUSDT,Mean Reversion,LOSS,82.51,-82.51,742.55
2025-11-03 14:59,BTCUSDT,Mean Reversion,LOSS,74.25,-74.25,668.29
2025-11-03 19:59,XRPUSDT,Zone Entry,WIN,66.83,200.49,868.78
2025-11-03 20:59,LTCUSDT,Zone Entry,LOSS,86.88,-86.88,781.9
2025-11-04 22:59,DOGEUSDT,Mean Reversion,LOSS,78.19,-78.19,703.71
2025-11-04 22:59,AVAXUSDT,Mean Reversion,LOSS,70.37,-70.37,633.34
2025-11-05 00:59,AVAXUSDT,Zone Entry,LOSS,63.33,-63.33,570.01
2025-11-05 02:59,LTCUSDT,Mean Reversion,LOSS,57.0,-57.0,513.01
2025-11-05 03:59,ADAUSDT,Mean Reversion,LOSS,51.3,-51.3,461.71
2025-11-05 11:59,AVAXUSDT,Zone Entry,LOSS,46.17,-46.17,415.54
2025-11-05 13:59,ADAUSDT,Zone Entry,LOSS,41.55,-41.55,373.98
2025-11-07 10:59,BNBUSDT,Zone Entry,LOSS,37.4,-37.4,336.58
2025-11-07 23:59,DOGEUSDT,Mean Reversion,LOSS,33.66,-33.66,302.93
2025-11-09 03:59,LTCUSDT,Mean Reversion,LOSS,30.29,-30.29,272.63
2025-11-10 07:59,LTCUSDT,Mean Reversion,LOSS,27.26,-27.26,245.37
2025-11-11 07:59,BTCUSDT,Zone Entry,WIN,24.54,73.61,318.98
2025-11-12 20:59,ADAUSDT,Mean Reversion,WIN,31.9,138.98,457.96
2025-11-13 20:59,UNIUSDT,Zone Entry,LOSS,45.8,-45.8,412.16
2025-11-13 22:59,DOGEUSDT,Mean Reversion,LOSS,41.22,-41.22,370.95
2025-11-14 14:59,DOGEUSDT,Mean Reversion,LOSS,37.09,-37.09,333.85
2025-11-15 01:59,AVAXUSDT,Mean Reversion,LOSS,33.39,-33.39,300.47
2025-11-16 22:59,DOGEUSDT,Mean Reversion,LOSS,30.05,-30.05,270.42
2025-11-16 22:59,ADAUSDT,Mean Reversion,LOSS,27.04,-27.04,243.38
2025-11-17 04:59,UNIUSDT,Zone Entry,WIN,24.34,73.01,316.39
2025-11-17 06:59,AVAXUSDT,Zone Entry,LOSS,31.64,-31.64,284.75
2025-11-17 18:59,BTCUSDT,Zone Entry,WIN,28.48,85.43,370.18
2025-11-17 18:59,XRPUSDT,Zone Entry,LOSS,37.02,-37.02,333.16
2025-11-19 20:59,ADAUSDT,Mean Reversion,WIN,33.32,116.01,449.17
2025-11-20 17:59,DOGEUSDT,Momentum Continuation,LOSS,44.92,-44.92,404.25
2025-11-20 21:59,LTCUSDT,Mean Reversion,LOSS,40.43,-40.43,363.83
2025-11-20 22:59,XRPUSDT,Mean Reversion,LOSS,36.38,-36.38,327.44
2025-11-21 06:59,BTCUSDT,Zone Entry,WIN,32.74,98.23,425.68
2025-11-21 21:59,ADAUSDT,Mean Reversion,LOSS,42.57,-42.57,383.11
2025-11-22 14:59,ADAUSDT,Mean Reversion,WIN,38.31,172.97,556.08
2025-11-23 01:59,XRPUSDT,Mean Reversion,WIN,55.61,159.6,715.68
2025-11-23 03:59,ETHUSDT,Mean Reversion,WIN,71.57,177.06,892.74
2025-11-23 15:59,DOGEUSDT,Mean Reversion,LOSS,89.27,-89.27,803.46
2025-11-23 23:59,DOGEUSDT,Mean Reversion,LOSS,80.35,-80.35,723.12
2025-11-24 09:59,SOLUSDT,Zone Entry,LOSS,72.31,-72.31,650.81
2025-11-24 12:59,BNBUSDT,Zone Entry,LOSS,65.08,-65.08,585.72
2025-11-24 17:59,BTCUSDT,Mean Reversion,WIN,58.57,132.9,718.63
2025-11-24 17:59,AVAXUSDT,Mean Reversion,WIN,71.86,279.9,998.53
2025-11-24 20:59,ADAUSDT,Zone Entry,LOSS,99.85,-99.85,898.68
2025-11-24 23:59,DOGEUSDT,Mean Reversion,WIN,89.87,343.12,1241.79
2025-11-26 18:59,AVAXUSDT,Momentum Continuation,WIN,124.18,372.54,1614.33
2025-11-27 18:59,LTCUSDT,Mean Reversion,WIN,161.43,273.31,1887.64
2025-11-29 21:59,SOLUSDT,Mean Reversion,WIN,188.76,299.19,2186.83
2025-12-01 00:59,BTCUSDT,Mean Reversion,WIN,218.68,972.92,3159.75
2025-12-01 04:59,DOGEUSDT,Zone Entry,WIN,315.97,947.92,4107.67
2025-12-02 13:59,BTCUSDT,Zone Entry,WIN,410.77,1232.3,5339.97
2025-12-02 13:59,SOLUSDT,Zone Entry,LOSS,534.0,-534.0,4805.97
2025-12-09 19:59,LTCUSDT,Mean Reversion,WIN,480.6,1576.84,6382.81
2025-12-11 00:59,ADAUSDT,Mean Reversion,WIN,638.28,1432.3,7815.12
2025-12-11 02:59,BNBUSDT,Momentum Continuation,LOSS,781.51,-781.51,7033.61
2025-12-11 20:59,BTCUSDT,Mean Reversion,WIN,703.36,152.63,7186.24
2025-12-12 18:59,AVAXUSDT,Mean Reversion,LOSS,718.62,-718.62,6467.61
2025-12-15 00:59,DOGEUSDT,Mean Reversion,WIN,646.76,1178.4,7646.01
2025-12-15 05:59,LTCUSDT,Zone Entry,LOSS,764.6,-764.6,6881.41
2025-12-15 15:59,AVAXUSDT,Momentum Continuation,WIN,688.14,2064.42,8945.83
2025-12-15 21:59,ADAUSDT,Mean Reversion,LOSS,894.58,-894.58,8051.25
2025-12-17 09:59,BNBUSDT,Zone Entry,LOSS,805.12,-805.12,7246.12
2025-12-17 18:59,XRPUSDT,Zone Entry,LOSS,724.61,-724.61,6521.51
2025-12-18 07:59,XRPUSDT,Mean Reversion,WIN,652.15,2056.88,8578.4
2025-12-19 02:59,XRPUSDT,Mean Reversion,WIN,857.84,3837.97,12416.37
2025-12-19 02:59,SOLUSDT,Mean Reversion,WIN,1241.64,5537.7,17954.07
2025-12-19 08:59,UNIUSDT,Zone Entry,WIN,1795.41,5386.22,23340.3
2025-12-19 11:59,XRPUSDT,Zone Entry,WIN,2334.03,7002.09,30342.38
2025-12-21 01:59,DOGEUSDT,Mean Reversion,LOSS,3034.24,-3034.24,27308.15
2025-12-21 16:59,ADAUSDT,Mean Reversion,LOSS,2730.81,-2730.81,24577.33
2025-12-22 16:59,BTCUSDT,Mean Reversion,WIN,2457.73,2484.77,27062.1
2025-12-22 20:59,XRPUSDT,Zone Entry,LOSS,2706.21,-2706.21,24355.89
2026-01-02 17:59,AVAXUSDT,Zone Entry,WIN,2435.59,7306.77,31662.66
2026-01-04 22:59,ADAUSDT,Mean Reversion,LOSS,3166.27,-3166.27,28496.39
2026-01-05 05:59,ETHUSDT,Mean Reversion,LOSS,2849.64,-2849.64,25646.75
2026-01-05 05:59,BNBUSDT,Mean Reversion,LOSS,2564.68,-2564.68,23082.08
2026-01-05 10:59,BNBUSDT,Zone Entry,LOSS,2308.21,-2308.21,20773.87
2026-01-06 02:59,BNBUSDT,Mean Reversion,LOSS,2077.39,-2077.39,18696.48
2026-01-06 13:59,BNBUSDT,Zone Entry,LOSS,1869.65,-1869.65,16826.83
2026-01-06 17:59,ETHUSDT,Mean Reversion,LOSS,1682.68,-1682.68,15144.15
2026-01-07 12:59,BNBUSDT,Zone Entry,LOSS,1514.42,-1514.42,13629.74
2026-01-07 12:59,UNIUSDT,Zone Entry,WIN,1362.97,4088.92,17718.66
2026-01-12 07:59,DOGEUSDT,Zone Entry,LOSS,1771.87,-1771.87,15946.79
2026-01-12 17:59,SOLUSDT,Mean Reversion,WIN,1594.68,3688.49,19635.28
2026-01-14 05:59,XRPUSDT,Mean Reversion,LOSS,1963.53,-1963.53,17671.75
2026-01-14 17:59,ADAUSDT,Mean Reversion,WIN,1767.18,4771.37,22443.13
2026-01-14 17:59,AVAXUSDT,Mean Reversion,WIN,2244.31,6427.71,28870.84
2026-01-15 17:59,XRPUSDT,Zone Entry,WIN,2887.08,8661.25,37532.09
2026-01-15 17:59,DOGEUSDT,Mean Reversion,WIN,3753.21,13196.28,50728.38
2026-01-15 21:59,XRPUSDT,Mean Reversion,LOSS,5072.84,-5072.84,45655.54
2026-01-16 22:59,LTCUSDT,Mean Reversion,WIN,4565.55,11144.52,56800.06
2026-01-19 05:59,BTCUSDT,Mean Reversion,WIN,5680.01,14643.05,71443.11
2026-01-19 16:59,ETHUSDT,Mean Reversion,LOSS,7144.31,-7144.31,64298.8
2026-01-19 16:59,XRPUSDT,Mean Reversion,LOSS,6429.88,-6429.88,57868.92
2026-01-21 02:59,BNBUSDT,Zone Entry,LOSS,5786.89,-5786.89,52082.03
2026-01-21 05:59,UNIUSDT,Zone Entry,LOSS,5208.2,-5208.2,46873.82
2026-01-23 08:59,AVAXUSDT,Zone Entry,LOSS,4687.38,-4687.38,42186.44
2026-01-23 20:59,DOGEUSDT,Zone Entry,LOSS,4218.64,-4218.64,37967.8
2026-01-24 06:59,XRPUSDT,Zone Entry,WIN,3796.78,11390.34,49358.14
2026-01-26 00:59,XRPUSDT,Mean Reversion,WIN,4935.81,12161.85,61519.98
2026-01-26 18:59,ETHUSDT,Mean Reversion,WIN,6152.0,5013.88,66533.86
2026-01-27 01:59,BTCUSDT,Mean Reversion,WIN,6653.39,3945.46,70479.32
2026-01-27 02:59,BNBUSDT,Mean Reversion,WIN,7047.93,8048.74,78528.06
2026-01-27 20:59,AVAXUSDT,Mean Reversion,WIN,7852.81,25694.38,104222.44
2026-01-28 01:59,DOGEUSDT,Mean Reversion,LOSS,10422.24,-10422.24,93800.19
2026-01-28 06:59,SOLUSDT,Zone Entry,LOSS,9380.02,-9380.02,84420.17
2026-01-28 11:59,UNIUSDT,Zone Entry,LOSS,8442.02,-8442.02,75978.16
2026-01-29 11:59,BNBUSDT,Zone Entry,WIN,7597.82,22793.45,98771.6
2026-01-29 22:59,BNBUSDT,Mean Reversion,LOSS,9877.16,-9877.16,88894.44
2026-01-30 21:59,XRPUSDT,Zone Entry,WIN,8889.44,26668.33,115562.78
2026-01-31 13:59,ADAUSDT,Zone Entry,WIN,11556.28,34668.83,150231.61
2026-02-02 09:59,BTCUSDT,Mean Reversion,WIN,15023.16,17757.38,167988.99
2026-02-03 18:59,BTCUSDT,Momentum Continuation,LOSS,16798.9,-16798.9,151190.09
2026-02-04 13:59,UNIUSDT,Zone Entry,WIN,15119.01,45357.03,196547.11
2026-02-04 14:59,XRPUSDT,Zone Entry,WIN,19654.71,58964.13,255511.25
2026-02-05 13:59,SOLUSDT,Zone Entry,WIN,25551.12,76653.37,332164.62
2026-02-05 15:59,XRPUSDT,Zone Entry,LOSS,33216.46,-33216.46,298948.16
2026-02-06 14:59,XRPUSDT,Zone Entry,LOSS,29894.82,-29894.82,269053.34
2026-02-06 16:59,DOGEUSDT,Zone Entry,LOSS,26905.33,-26905.33,242148.01
2026-02-09 10:59,LTCUSDT,Zone Entry,LOSS,24214.8,-24214.8,217933.21
2026-02-10 10:59,SOLUSDT,Zone Entry,WIN,21793.32,65379.96,283313.17
2026-02-11 18:59,DOGEUSDT,Mean Reversion,WIN,28331.32,58900.81,342213.98
2026-02-12 10:59,ADAUSDT,Zone Entry,LOSS,34221.4,-34221.4,307992.58
2026-02-12 15:59,BNBUSDT,Zone Entry,LOSS,30799.26,-30799.26,277193.32
2026-02-13 22:59,ADAUSDT,Mean Reversion,LOSS,27719.33,-27719.33,249473.99
2026-02-14 09:59,DOGEUSDT,Zone Entry,WIN,24947.4,74842.2,324316.19
2026-02-15 13:59,LTCUSDT,Zone Entry,LOSS,32431.62,-32431.62,291884.57
2026-02-21 16:59,XRPUSDT,Mean Reversion,WIN,29188.46,39200.1,331084.67
2026-02-22 14:59,LTCUSDT,Momentum Continuation,WIN,33108.47,99325.4,430410.07
2026-02-23 16:59,ETHUSDT,Zone Entry,LOSS,43041.01,-43041.01,387369.06
2026-02-25 14:59,LTCUSDT,Momentum Continuation,WIN,38736.91,116210.72,503579.78
2026-02-26 06:59,DOGEUSDT,Mean Reversion,WIN,50357.98,220467.23,724047.0
2026-02-26 16:59,XRPUSDT,Mean Reversion,WIN,72404.7,103900.74,827947.75
2026-02-27 19:59,ADAUSDT,Mean Reversion,LOSS,82794.77,-82794.77,745152.97
2026-02-27 23:59,LTCUSDT,Mean Reversion,LOSS,74515.3,-74515.3,670637.68
2026-02-28 09:59,XRPUSDT,Zone Entry,LOSS,67063.77,-67063.77,603573.91
2026-02-28 18:59,BTCUSDT,Mean Reversion,WIN,60357.39,8872.54,612446.44
2026-02-28 20:59,ADAUSDT,Mean Reversion,LOSS,61244.64,-61244.64,551201.8
2026-03-01 00:59,SOLUSDT,Zone Entry,LOSS,55120.18,-55120.18,496081.62
2026-03-02 18:59,BTCUSDT,Mean Reversion,WIN,49608.16,157605.13,653686.75
2026-03-03 22:59,SOLUSDT,Zone Entry,LOSS,65368.68,-65368.68,588318.08
2026-03-08 04:59,BNBUSDT,Zone Entry,LOSS,58831.81,-58831.81,529486.27
2026-03-08 16:59,BTCUSDT,Zone Entry,LOSS,52948.63,-52948.63,476537.64
2026-03-09 05:59,ETHUSDT,Mean Reversion,LOSS,47653.76,-47653.76,428883.88
2026-03-09 05:59,DOGEUSDT,Mean Reversion,LOSS,42888.39,-42888.39,385995.49
2026-03-09 12:59,BNBUSDT,Zone Entry,WIN,38599.55,115798.65,501794.14
2026-03-09 17:59,BNBUSDT,Mean Reversion,LOSS,50179.41,-50179.41,451614.72
2026-03-09 22:59,UNIUSDT,Mean Reversion,LOSS,45161.47,-45161.47,406453.25
2026-03-10 17:59,ADAUSDT,Mean Reversion,WIN,40645.33,168068.42,574521.67
2026-03-11 05:59,ETHUSDT,Zone Entry,LOSS,57452.17,-57452.17,517069.5
2026-03-11 18:59,LTCUSDT,Mean Reversion,WIN,51706.95,93331.05,610400.55
2026-03-13 11:59,XRPUSDT,Mean Reversion,LOSS,61040.05,-61040.05,549360.49
2026-03-13 11:59,SOLUSDT,Zone Entry,WIN,54936.05,164808.15,714168.64
2026-03-13 13:59,BTCUSDT,Zone Entry,LOSS,71416.86,-71416.86,642751.78
2026-03-13 15:59,BNBUSDT,Mean Reversion,WIN,64275.18,77708.69,720460.47
2026-03-14 00:59,ADAUSDT,Zone Entry,LOSS,72046.05,-72046.05,648414.42
2026-03-14 00:59,AVAXUSDT,Zone Entry,LOSS,64841.44,-64841.44,583572.98
2026-03-16 06:59,ADAUSDT,Momentum Continuation,LOSS,58357.3,-58357.3,525215.68
2026-03-16 17:59,XRPUSDT,Zone Entry,WIN,52521.57,157564.7,682780.38
2026-03-16 17:59,BNBUSDT,Zone Entry,LOSS,68278.04,-68278.04,614502.35
2026-03-17 03:59,DOGEUSDT,Mean Reversion,WIN,61450.23,145022.55,759524.9
2026-03-17 12:59,DOGEUSDT,Zone Entry,LOSS,75952.49,-75952.49,683572.41
2026-03-18 15:59,XRPUSDT,Zone Entry,LOSS,68357.24,-68357.24,615215.17
2026-03-19 03:59,XRPUSDT,Mean Reversion,LOSS,61521.52,-61521.52,553693.65
2026-03-22 02:59,BTCUSDT,Mean Reversion,LOSS,55369.37,-55369.37,498324.29
2026-03-23 02:59,UNIUSDT,Mean Reversion,WIN,49832.43,28852.98,527177.26
2026-03-24 09:59,SOLUSDT,Zone Entry,LOSS,52717.73,-52717.73,474459.54
2026-03-24 16:59,XRPUSDT,Zone Entry,LOSS,47445.95,-47445.95,427013.58
2026-03-24 23:59,AVAXUSDT,Zone Entry,LOSS,42701.36,-42701.36,384312.22
2026-03-26 08:59,DOGEUSDT,Zone Entry,LOSS,38431.22,-38431.22,345881.0
2026-03-28 16:59,DOGEUSDT,Mean Reversion,WIN,34588.1,66478.33,412359.33
2026-03-30 04:59,SOLUSDT,Zone Entry,LOSS,41235.93,-41235.93,371123.4
2026-03-31 16:59,ETHUSDT,Mean Reversion,WIN,37112.34,92521.06,463644.46
2026-04-01 15:59,LTCUSDT,Zone Entry,LOSS,46364.45,-46364.45,417280.01
2026-04-02 03:59,BNBUSDT,Momentum Continuation,WIN,41728.0,125184.0,542464.02
2026-04-05 00:59,BNBUSDT,Mean Reversion,WIN,54246.4,33904.0,576368.02
2026-04-05 17:59,DOGEUSDT,Mean Reversion,WIN,57636.8,43342.88,619710.9
2026-04-06 01:59,BTCUSDT,Mean Reversion,LOSS,61971.09,-61971.09,557739.81
2026-04-06 22:59,ETHUSDT,Mean Reversion,WIN,55773.98,29002.47,586742.28
2026-04-07 01:59,LTCUSDT,Zone Entry,LOSS,58674.23,-58674.23,528068.05
2026-04-07 19:59,AVAXUSDT,Mean Reversion,WIN,52806.8,139357.16,667425.21
2026-04-07 21:59,BNBUSDT,Zone Entry,LOSS,66742.52,-66742.52,600682.69
2026-04-10 17:59,BTCUSDT,Zone Entry,LOSS,60068.27,-60068.27,540614.42
2026-04-12 01:59,ETHUSDT,Mean Reversion,WIN,54061.44,45952.23,586566.64
2026-04-12 13:59,BTCUSDT,Zone Entry,LOSS,58656.66,-58656.66,527909.98
2026-04-13 14:59,ADAUSDT,Momentum Continuation,LOSS,52791.0,-52791.0,475118.98
2026-04-14 00:59,XRPUSDT,Mean Reversion,LOSS,47511.9,-47511.9,427607.08
2026-04-14 16:59,ETHUSDT,Mean Reversion,LOSS,42760.71,-42760.71,384846.37
2026-04-15 19:59,ADAUSDT,Zone Entry,LOSS,38484.64,-38484.64,346361.74
2026-04-20 00:59,ADAUSDT,Mean Reversion,WIN,34636.17,79836.38,426198.12
2026-04-20 20:59,DOGEUSDT,Mean Reversion,WIN,42619.81,55959.81,482157.93
2026-04-21 22:59,ADAUSDT,Zone Entry,LOSS,48215.79,-48215.79,433942.14
2026-04-24 22:59,BTCUSDT,Mean Reversion,WIN,43394.21,33977.67,467919.81
2026-04-25 15:59,BNBUSDT,Zone Entry,LOSS,46791.98,-46791.98,421127.83
2026-04-27 05:59,ETHUSDT,Mean Reversion,WIN,42112.78,20803.71,441931.54
2026-04-27 18:59,AVAXUSDT,Mean Reversion,WIN,44193.15,85071.82,527003.36
2026-04-29 11:59,LTCUSDT,Mean Reversion,WIN,52700.34,118364.95,645368.32
2026-04-29 20:59,BNBUSDT,Mean Reversion,WIN,64536.83,85769.45,731137.77
2026-05-03 01:59,ETHUSDT,Mean Reversion,WIN,73113.78,15427.01,746564.77
2026-05-04 03:59,BTCUSDT,Momentum Continuation,LOSS,74656.48,-74656.48,671908.3
2026-05-04 05:59,ETHUSDT,Mean Reversion,WIN,67190.83,158570.36,830478.65
2026-05-04 07:59,LTCUSDT,Mean Reversion,WIN,83047.87,80141.19,910619.84
2026-05-04 11:59,BNBUSDT,Mean Reversion,LOSS,91061.98,-91061.98,819557.86
2026-05-04 20:59,SOLUSDT,Zone Entry,LOSS,81955.79,-81955.79,737602.07
2026-05-05 15:59,AVAXUSDT,Mean Reversion,LOSS,73760.21,-73760.21,663841.87
2026-05-05 23:59,SOLUSDT,Mean Reversion,LOSS,66384.19,-66384.19,597457.68
2026-05-06 09:59,BTCUSDT,Zone Entry,LOSS,59745.77,-59745.77,537711.91
2026-05-07 01:59,LTCUSDT,Mean Reversion,WIN,53771.19,3172.5,540884.41
2026-05-07 15:59,LTCUSDT,Momentum Continuation,LOSS,54088.44,-54088.44,486795.97
2026-05-07 20:59,SOLUSDT,Zone Entry,LOSS,48679.6,-48679.6,438116.37
2026-05-08 16:59,UNIUSDT,Momentum Continuation,LOSS,43811.64,-43811.64,394304.74
2026-05-08 20:59,LTCUSDT,Mean Reversion,LOSS,39430.47,-39430.47,354874.26
2026-05-08 21:59,ETHUSDT,Mean Reversion,WIN,35487.43,12456.09,367330.35
2026-05-09 04:59,BNBUSDT,Mean Reversion,LOSS,36733.03,-36733.03,330597.31
2026-05-09 19:59,AVAXUSDT,Zone Entry,WIN,33059.73,99179.19,429776.51
2026-05-10 20:59,SOLUSDT,Mean Reversion,LOSS,42977.65,-42977.65,386798.86
2026-05-10 20:59,BNBUSDT,Mean Reversion,WIN,38679.89,3829.31,390628.17
2026-05-10 22:59,DOGEUSDT,Mean Reversion,WIN,39062.82,89727.29,480355.46
2026-05-11 10:59,LTCUSDT,Zone Entry,WIN,48035.55,144106.64,624462.09
2026-05-11 11:59,BNBUSDT,Zone Entry,WIN,62446.21,187338.63,811800.72
2026-05-12 05:59,BNBUSDT,Mean Reversion,WIN,81180.07,67135.92,878936.64
2026-05-12 14:59,XRPUSDT,Zone Entry,LOSS,87893.66,-87893.66,791042.98
2026-05-13 03:59,ETHUSDT,Mean Reversion,WIN,79104.3,27607.4,818650.38
2026-05-13 05:59,BNBUSDT,Mean Reversion,LOSS,81865.04,-81865.04,736785.34
2026-05-13 09:59,ETHUSDT,Zone Entry,LOSS,73678.53,-73678.53,663106.8
2026-05-13 11:59,ETHUSDT,Zone Entry,WIN,66310.68,198932.04,862038.85
2026-05-15 10:59,BNBUSDT,Zone Entry,LOSS,86203.88,-86203.88,775834.96
2026-05-15 16:59,AVAXUSDT,Mean Reversion,LOSS,77583.5,-77583.5,698251.47
2026-05-18 02:59,BTCUSDT,Mean Reversion,WIN,69825.15,121775.06,820026.52
2026-05-18 12:59,DOGEUSDT,Mean Reversion,LOSS,82002.65,-82002.65,738023.87
2026-05-18 17:59,BTCUSDT,Mean Reversion,WIN,73802.39,96164.51,834188.38
2026-05-18 18:59,DOGEUSDT,Zone Entry,WIN,83418.84,250256.51,1084444.89
2026-05-21 02:59,DOGEUSDT,Zone Entry,LOSS,108444.49,-108444.49,976000.4
2026-05-23 18:59,DOGEUSDT,Mean Reversion,WIN,97600.04,121902.45,1097902.85
2026-05-25 06:59,ADAUSDT,Zone Entry,LOSS,109790.29,-109790.29,988112.57
2026-05-26 04:59,UNIUSDT,Mean Reversion,WIN,98811.26,240901.84,1229014.41
2026-05-26 21:59,BTCUSDT,Zone Entry,WIN,122901.44,368704.32,1597718.74
2026-05-28 06:59,SOLUSDT,Mean Reversion,LOSS,159771.87,-159771.87,1437946.86
2026-05-28 16:59,AVAXUSDT,Mean Reversion,WIN,143794.69,166801.84,1604748.7
2026-05-30 02:59,BNBUSDT,Momentum Continuation,WIN,160474.87,481424.61,2086173.31
2026-05-31 18:59,XRPUSDT,Zone Entry,LOSS,208617.33,-208617.33,1877555.98
2026-06-01 07:59,AVAXUSDT,Zone Entry,LOSS,187755.6,-187755.6,1689800.38
2026-06-02 04:59,ADAUSDT,Zone Entry,WIN,168980.04,506940.11,2196740.49
2026-06-03 05:59,UNIUSDT,Mean Reversion,WIN,219674.05,396291.98,2593032.48
2026-06-03 14:59,UNIUSDT,Zone Entry,LOSS,259303.25,-259303.25,2333729.23
2026-06-03 19:59,BTCUSDT,Zone Entry,WIN,233372.92,700118.77,3033848.0
2026-06-05 07:59,BNBUSDT,Mean Reversion,LOSS,303384.8,-303384.8,2730463.2
2026-06-05 09:59,SOLUSDT,Mean Reversion,LOSS,273046.32,-273046.32,2457416.88
2026-06-05 16:59,BTCUSDT,Mean Reversion,LOSS,245741.69,-245741.69,2211675.19
2026-06-05 16:59,LTCUSDT,Mean Reversion,LOSS,221167.52,-221167.52,1990507.67
2026-06-06 04:59,AVAXUSDT,Zone Entry,LOSS,199050.77,-199050.77,1791456.9
2026-06-06 23:59,ETHUSDT,Mean Reversion,WIN,179145.69,499995.62,2291452.53
2026-06-06 23:59,LTCUSDT,Mean Reversion,WIN,229145.25,1048568.68,3340021.2
2026-06-07 06:59,SOLUSDT,Zone Entry,WIN,334002.12,1002006.36,4342027.56
2026-06-10 02:59,ETHUSDT,Mean Reversion,WIN,434202.76,1217938.73,5559966.3
2026-06-10 20:59,AVAXUSDT,Zone Entry,LOSS,555996.63,-555996.63,5003969.67
2026-06-12 05:59,ADAUSDT,Mean Reversion,LOSS,500396.97,-500396.97,4503572.7
2026-06-12 09:59,BNBUSDT,Zone Entry,LOSS,450357.27,-450357.27,4053215.43
2026-06-13 17:59,LTCUSDT,Mean Reversion,LOSS,405321.54,-405321.54,3647893.89
2026-06-14 02:59,BTCUSDT,Mean Reversion,WIN,364789.39,375003.49,4022897.38
2026-06-15 01:59,ADAUSDT,Mean Reversion,LOSS,402289.74,-402289.74,3620607.64
2026-06-15 11:59,BTCUSDT,Zone Entry,LOSS,362060.76,-362060.76,3258546.88
2026-06-15 18:59,DOGEUSDT,Mean Reversion,WIN,325854.69,459129.25,3717676.13
2026-06-16 00:59,UNIUSDT,Momentum Continuation,LOSS,371767.61,-371767.61,3345908.52
2026-06-16 18:59,UNIUSDT,Zone Entry,WIN,334590.85,1003772.56,4349681.07
2026-06-16 23:59,ETHUSDT,Mean Reversion,WIN,434968.11,398865.75,4748546.83
2026-06-17 10:59,BTCUSDT,Zone Entry,LOSS,474854.68,-474854.68,4273692.15
2026-06-17 10:59,SOLUSDT,Zone Entry,LOSS,427369.21,-427369.21,3846322.93
2026-06-17 15:59,XRPUSDT,Mean Reversion,LOSS,384632.29,-384632.29,3461690.64
2026-06-17 17:59,ADAUSDT,Mean Reversion,LOSS,346169.06,-346169.06,3115521.57
2026-06-18 04:59,LTCUSDT,Zone Entry,LOSS,311552.16,-311552.16,2803969.42
2026-06-18 06:59,BTCUSDT,Mean Reversion,LOSS,280396.94,-280396.94,2523572.48
2026-06-18 19:59,BTCUSDT,Mean Reversion,LOSS,252357.25,-252357.25,2271215.23
2026-06-20 03:59,SOLUSDT,Mean Reversion,WIN,227121.52,86306.18,2357521.41
2026-06-20 07:59,SOLUSDT,Mean Reversion,LOSS,235752.14,-235752.14,2121769.27
2026-06-21 07:59,BTCUSDT,Mean Reversion,WIN,212176.93,209630.8,2331400.07
2026-06-22 03:59,XRPUSDT,Zone Entry,LOSS,233140.01,-233140.01,2098260.06
2026-06-22 03:59,UNIUSDT,Zone Entry,LOSS,209826.01,-209826.01,1888434.06
2026-06-22 12:59,BTCUSDT,Zone Entry,LOSS,188843.41,-188843.41,1699590.65
2026-06-22 12:59,XRPUSDT,Zone Entry,LOSS,169959.07,-169959.07,1529631.59
2026-06-22 18:59,LTCUSDT,Zone Entry,WIN,152963.16,458889.48,1988521.06
2026-06-22 22:59,BTCUSDT,Zone Entry,WIN,198852.11,596556.32,2585077.38
2026-06-23 19:59,AVAXUSDT,Zone Entry,LOSS,258507.74,-258507.74,2326569.64
2026-06-24 16:59,ADAUSDT,Zone Entry,LOSS,232656.96,-232656.96,2093912.68
2026-06-25 05:59,SOLUSDT,Zone Entry,LOSS,209391.27,-209391.27,1884521.41
2026-06-25 17:59,XRPUSDT,Mean Reversion,LOSS,188452.14,-188452.14,1696069.27
2026-06-25 17:59,DOGEUSDT,Mean Reversion,LOSS,169606.93,-169606.93,1526462.34
2026-06-26 16:59,UNIUSDT,Zone Entry,LOSS,152646.23,-152646.23,1373816.11
2026-06-26 21:59,SOLUSDT,Mean Reversion,LOSS,137381.61,-137381.61,1236434.5
2026-06-27 17:59,AVAXUSDT,Mean Reversion,WIN,123643.45,327407.85,1563842.35
2026-06-28 11:59,LTCUSDT,Zone Entry,LOSS,156384.24,-156384.24,1407458.12
2026-06-28 18:59,BNBUSDT,Mean Reversion,LOSS,140745.81,-140745.81,1266712.3
2026-06-29 17:59,DOGEUSDT,Mean Reversion,WIN,126671.23,53961.94,1320674.25
2026-06-29 18:59,LTCUSDT,Zone Entry,LOSS,132067.42,-132067.42,1188606.82
2026-06-29 19:59,XRPUSDT,Zone Entry,LOSS,118860.68,-118860.68,1069746.14
2026-06-30 03:59,XRPUSDT,Zone Entry,LOSS,106974.61,-106974.61,962771.53
2026-06-30 08:59,ETHUSDT,Zone Entry,LOSS,96277.15,-96277.15,866494.37
2026-07-01 21:59,ADAUSDT,Mean Reversion,LOSS,86649.44,-86649.44,779844.94
2026-07-01 23:59,SOLUSDT,Mean Reversion,LOSS,77984.49,-77984.49,701860.44
2026-07-02 11:59,XRPUSDT,Zone Entry,WIN,70186.04,210558.13,912418.58
2026-07-03 22:59,AVAXUSDT,Mean Reversion,LOSS,91241.86,-91241.86,821176.72
2026-07-04 15:59,LTCUSDT,Zone Entry,LOSS,82117.67,-82117.67,739059.05
2026-07-04 17:59,XRPUSDT,Zone Entry,LOSS,73905.9,-73905.9,665153.14
2026-07-05 02:59,SOLUSDT,Mean Reversion,WIN,66515.31,120326.2,785479.35
2026-07-05 09:59,AVAXUSDT,Zone Entry,LOSS,78547.93,-78547.93,706931.41
2026-07-05 16:59,BNBUSDT,Mean Reversion,LOSS,70693.14,-70693.14,636238.27
2026-07-05 19:59,UNIUSDT,Zone Entry,LOSS,63623.83,-63623.83,572614.44
2026-07-06 12:59,BTCUSDT,Mean Reversion,WIN,57261.44,109254.84,681869.28
2026-07-06 16:59,LTCUSDT,Zone Entry,LOSS,68186.93,-68186.93,613682.35
2026-07-06 16:59,SOLUSDT,Zone Entry,LOSS,61368.24,-61368.24,552314.12
2026-07-07 03:59,ETHUSDT,Zone Entry,LOSS,55231.41,-55231.41,497082.7
2026-07-07 21:59,DOGEUSDT,Zone Entry,LOSS,49708.27,-49708.27,447374.43
2026-07-08 05:59,XRPUSDT,Zone Entry,LOSS,44737.44,-44737.44,402636.99
2026-07-10 17:59,BTCUSDT,Mean Reversion,LOSS,40263.7,-40263.7,362373.29
2026-07-11 19:59,BNBUSDT,Mean Reversion,WIN,36237.33,29787.08,392160.38
2026-07-11 21:59,LTCUSDT,Mean Reversion,WIN,39216.04,57686.79,449847.17
2026-07-11 23:59,ETHUSDT,Mean Reversion,WIN,44984.72,15519.73,465366.89
2026-07-12 00:59,ADAUSDT,Momentum Continuation,LOSS,46536.69,-46536.69,418830.21
2026-07-12 00:59,AVAXUSDT,Momentum Continuation,LOSS,41883.02,-41883.02,376947.18
2026-07-12 03:59,ETHUSDT,Zone Entry,LOSS,37694.72,-37694.72,339252.47
2026-07-12 05:59,ADAUSDT,Zone Entry,WIN,33925.25,101775.74,441028.21
2026-07-12 21:59,BNBUSDT,Zone Entry,LOSS,44102.82,-44102.82,396925.39
2026-07-13 17:59,BTCUSDT,Zone Entry,LOSS,39692.54,-39692.54,357232.85
2026-07-14 13:59,ADAUSDT,Mean Reversion,WIN,35723.28,77090.85,434323.7
2026-07-14 14:59,XRPUSDT,Momentum Continuation,LOSS,43432.37,-43432.37,390891.33
2026-07-14 14:59,DOGEUSDT,Momentum Continuation,LOSS,39089.13,-39089.13,351802.19
2026-07-15 02:59,BTCUSDT,Mean Reversion,LOSS,35180.22,-35180.22,316621.97
2026-07-16 17:59,SOLUSDT,Zone Entry,LOSS,31662.2,-31662.2,284959.78
2026-07-17 00:59,SOLUSDT,Mean Reversion,LOSS,28495.98,-28495.98,256463.8
2026-07-18 04:59,ADAUSDT,Mean Reversion,LOSS,25646.38,-25646.38,230817.42
2026-07-20 05:59,BTCUSDT,Mean Reversion,WIN,23081.74,12394.9,243212.31
2026-07-20 05:59,ETHUSDT,Zone Entry,LOSS,24321.23,-24321.23,218891.08
2026-07-20 06:59,XRPUSDT,Zone Entry,LOSS,21889.11,-21889.11,197001.97
2026-07-20 11:59,DOGEUSDT,Zone Entry,LOSS,19700.2,-19700.2,177301.78
2026-07-22 05:59,BTCUSDT,Mean Reversion,WIN,17730.18,9148.77,186450.55
2026-07-22 12:59,BTCUSDT,Zone Entry,LOSS,18645.05,-18645.05,167805.49
2026-07-23 20:59,ETHUSDT,Mean Reversion,LOSS,16780.55,-16780.55,151024.94
2026-07-24 03:59,ETHUSDT,Mean Reversion,LOSS,15102.49,-15102.49,135922.45
2026-07-24 06:59,UNIUSDT,Zone Entry,LOSS,13592.25,-13592.25,122330.21
2026-07-24 15:59,DOGEUSDT,Mean Reversion,WIN,12233.02,30460.22,152790.43
2026-07-24 17:59,ETHUSDT,Mean Reversion,WIN,15279.04,27105.02,179895.45
2026-07-26 15:59,BNBUSDT,Zone Entry,LOSS,17989.54,-17989.54,161905.9
2026-07-26 20:59,BTCUSDT,Mean Reversion,LOSS,16190.59,-16190.59,145715.31
2026-07-26 22:59,SOLUSDT,Mean Reversion,WIN,14571.53,39882.28,185597.59
2026-07-27 00:59,BTCUSDT,Mean Reversion,WIN,18559.76,20582.77,206180.37
2026-07-27 17:59,BTCUSDT,Zone Entry,LOSS,20618.04,-20618.04,185562.33
2026-07-28 04:59,XRPUSDT,Zone Entry,LOSS,18556.23,-18556.23,167006.1
2026-07-28 06:59,LTCUSDT,Mean Reversion,LOSS,16700.61,-16700.61,150305.49
2026-07-28 21:59,XRPUSDT,Mean Reversion,WIN,15030.55,17390.34,167695.83
2026-07-29 07:59,BTCUSDT,Zone Entry,LOSS,16769.58,-16769.58,150926.25
2026-07-29 12:59,AVAXUSDT,Zone Entry,LOSS,15092.62,-15092.62,135833.62
2026-07-29 18:59,ADAUSDT,Mean Reversion,LOSS,13583.36,-13583.36,122250.26
2026-07-30 09:59,BNBUSDT,Zone Entry,WIN,12225.03,36675.08,158925.34
2026-07-30 13:59,UNIUSDT,Momentum Continuation,WIN,15892.53,47677.6,206602.94
2026-07-30 16:59,ADAUSDT,Mean Reversion,LOSS,20660.29,-20660.29,185942.65
2026-07-31 08:59,BTCUSDT,Zone Entry,WIN,18594.26,55782.79,241725.44
2026-07-31 13:59,DOGEUSDT,Zone Entry,LOSS,24172.54,-24172.54,217552.9
2026-07-31 16:59,BTCUSDT,Mean Reversion,WIN,21755.29,45229.25,262782.15
2026-07-31 17:59,ETHUSDT,Mean Reversion,LOSS,26278.21,-26278.21,236503.93
2026-08-01 21:59,ETHUSDT,Mean Reversion,WIN,23650.39,40442.17,276946.1
2026-08-02 02:59,BNBUSDT,Mean Reversion,WIN,27694.61,18832.34,295778.44
2026-08-02 11:59,BTCUSDT,Zone Entry,LOSS,29577.84,-29577.84,266200.59
2026-08-02 23:59,AVAXUSDT,Mean Reversion,WIN,26620.06,51057.27,317257.87
2026-08-03 12:59,ADAUSDT,Zone Entry,WIN,31725.79,95177.36,412435.23
2026-08-05 01:59,LTCUSDT,Zone Entry,LOSS,41243.52,-41243.52,371191.71
2026-08-05 06:59,UNIUSDT,Mean Reversion,LOSS,37119.17,-37119.17,334072.54
2026-08-05 11:59,XRPUSDT,Zone Entry,LOSS,33407.25,-33407.25,300665.28
2026-08-05 13:59,BNBUSDT,Zone Entry,LOSS,30066.53,-30066.53,270598.75
2026-08-05 21:59,ETHUSDT,Mean Reversion,LOSS,27059.88,-27059.88,243538.88
2026-08-06 15:59,ADAUSDT,Momentum Continuation,LOSS,24353.89,-24353.89,219184.99
2026-08-07 06:59,XRPUSDT,Mean Reversion,LOSS,21918.5,-21918.5,197266.49
2026-08-07 19:59,XRPUSDT,Mean Reversion,WIN,19726.65,33535.3,230801.8
2026-08-08 18:59,XRPUSDT,Mean Reversion,WIN,23080.18,21787.69,252589.48
2026-08-09 01:59,DOGEUSDT,Zone Entry,LOSS,25258.95,-25258.95,227330.54
2026-08-09 19:59,AVAXUSDT,Zone Entry,LOSS,22733.05,-22733.05,204597.48
2026-08-10 06:59,ETHUSDT,Zone Entry,LOSS,20459.75,-20459.75,184137.73
2026-08-10 09:59,UNIUSDT,Zone Entry,WIN,18413.77,55241.32,239379.05
2026-08-11 00:59,BTCUSDT,Mean Reversion,LOSS,23937.91,-23937.91,215441.15
2026-08-11 14:59,ADAUSDT,Zone Entry,WIN,21544.11,64632.34,280073.49
2026-08-11 19:59,ETHUSDT,Mean Reversion,WIN,28007.35,17756.66,297830.15
2026-08-12 11:59,BTCUSDT,Zone Entry,LOSS,29783.02,-29783.02,268047.14
2026-08-13 12:59,AVAXUSDT,Zone Entry,LOSS,26804.71,-26804.71,241242.42
2026-08-14 02:59,ADAUSDT,Zone Entry,WIN,24124.24,72372.73,313615.15
2026-08-17 12:59,BNBUSDT,Zone Entry,LOSS,31361.52,-31361.52,282253.64
2026-08-17 22:59,XRPUSDT,Zone Entry,LOSS,28225.36,-28225.36,254028.27
2026-08-18 02:59,ETHUSDT,Zone Entry,LOSS,25402.83,-25402.83,228625.45
2026-08-20 14:59,DOGEUSDT,Zone Entry,WIN,22862.54,68587.63,297213.08
2026-08-20 15:59,LTCUSDT,Zone Entry,WIN,29721.31,89163.92,386377.0
2026-08-21 22:59,DOGEUSDT,Momentum Continuation,LOSS,38637.7,-38637.7,347739.3
2026-08-21 22:59,SOLUSDT,Zone Entry,WIN,34773.93,104321.79,452061.09
2026-08-22 00:59,UNIUSDT,Zone Entry,LOSS,45206.11,-45206.11,406854.98
2026-08-22 14:59,SOLUSDT,Mean Reversion,LOSS,40685.5,-40685.5,366169.49
2026-08-23 22:59,UNIUSDT,Mean Reversion,WIN,36616.95,212561.39,578730.87
2026-08-25 07:59,BTCUSDT,Mean Reversion,WIN,57873.09,113084.01,691814.88
2026-08-25 22:59,DOGEUSDT,Mean Reversion,LOSS,69181.49,-69181.49,622633.4
2026-08-25 23:59,AVAXUSDT,Zone Entry,LOSS,62263.34,-62263.34,560370.06
2026-08-26 18:59,DOGEUSDT,Mean Reversion,WIN,56037.01,208457.66,768827.72
2026-08-26 23:59,XRPUSDT,Mean Reversion,LOSS,76882.77,-76882.77,691944.95
2026-08-27 06:59,UNIUSDT,Zone Entry,WIN,69194.49,207583.48,899528.43
2026-08-28 08:59,BNBUSDT,Zone Entry,WIN,89952.84,269858.53,1169386.96
2026-08-28 21:59,SOLUSDT,Mean Reversion,WIN,116938.7,169794.99,1339181.95
2026-08-28 22:59,BTCUSDT,Mean Reversion,WIN,133918.19,265024.11,1604206.05
2026-08-30 20:59,ADAUSDT,Zone Entry,LOSS,160420.61,-160420.61,1443785.45
2026-08-31 17:59,BNBUSDT,Zone Entry,LOSS,144378.54,-144378.54,1299406.9
2026-09-01 16:59,BNBUSDT,Zone Entry,LOSS,129940.69,-129940.69,1169466.21
2026-09-03 02:59,SOLUSDT,Mean Reversion,WIN,116946.62,65256.21,1234722.43
2026-09-03 04:59,LTCUSDT,Zone Entry,WIN,123472.24,370416.73,1605139.15
2026-09-03 04:59,AVAXUSDT,Zone Entry,WIN,160513.92,481541.75,2086680.9
2026-09-05 17:59,LTCUSDT,Zone Entry,LOSS,208668.09,-208668.09,1878012.81
2026-09-06 04:59,DOGEUSDT,Mean Reversion,LOSS,187801.28,-187801.28,1690211.53
2026-09-06 06:59,SOLUSDT,Mean Reversion,LOSS,169021.15,-169021.15,1521190.38
2026-09-06 19:59,ETHUSDT,Mean Reversion,LOSS,152119.04,-152119.04,1369071.34
2026-09-07 12:59,AVAXUSDT,Zone Entry,LOSS,136907.13,-136907.13,1232164.21
2026-09-09 22:59,SOLUSDT,Zone Entry,LOSS,123216.42,-123216.42,1108947.78
2026-09-10 04:59,XRPUSDT,Zone Entry,LOSS,110894.78,-110894.78,998053.01
2026-09-11 13:59,DOGEUSDT,Mean Reversion,LOSS,99805.3,-99805.3,898247.71
2026-09-12 16:59,BNBUSDT,Mean Reversion,WIN,89824.77,107160.95,1005408.66
2026-09-13 14:59,XRPUSDT,Mean Reversion,LOSS,100540.87,-100540.87,904867.79
2026-09-13 15:59,LTCUSDT,Zone Entry,LOSS,90486.78,-90486.78,814381.01
2026-09-14 06:59,XRPUSDT,Zone Entry,WIN,81438.1,244314.3,1058695.32
2026-09-14 17:59,XRPUSDT,Zone Entry,LOSS,105869.53,-105869.53,952825.78
2026-09-14 21:59,SOLUSDT,Mean Reversion,WIN,95282.58,176082.2,1128907.99
2026-09-15 03:59,ADAUSDT,Zone Entry,LOSS,112890.8,-112890.8,1016017.19
2026-09-15 17:59,ETHUSDT,Mean Reversion,LOSS,101601.72,-101601.72,914415.47
2026-09-16 19:59,ETHUSDT,Mean Reversion,WIN,91441.55,135059.17,1049474.64
2026-09-17 01:59,LTCUSDT,Zone Entry,WIN,104947.46,314842.39,1364317.03
2026-09-19 10:59,AVAXUSDT,Momentum Continuation,LOSS,136431.7,-136431.7,1227885.32
2026-09-19 17:59,LTCUSDT,Mean Reversion,LOSS,122788.53,-122788.53,1105096.79
2026-09-20 02:59,DOGEUSDT,Mean Reversion,WIN,110509.68,225771.27,1330868.07
2026-09-21 12:59,BTCUSDT,Zone Entry,LOSS,133086.81,-133086.81,1197781.26
2026-09-21 19:59,ADAUSDT,Zone Entry,OPEN,119778.13,0.0,1197781.26
2026-09-23 15:59,UNIUSDT,Zone Entry,OPEN,119778.13,0.0,1197781.26
